facility_type,region,avg_years_experience,total_service_charge,total_providers
Hospital,South,19.3811394891945,658.0104125736739,324
Specialty Center,South,19.742690058479532,655.5032066276804,424
Specialty Center,West,19.73784355179704,634.222558139535,427
Urgent Care,North,20.16078431372549,656.8474705882353,328
Urgent Care,South,19.88144329896907,630.7145463917526,430
Urgent Care,West,20.476419634263713,622.8991722810395,444
